[{"fields": {"model": "logentry", "app_label": "admin"}, "model": "contenttypes.contenttype", "pk": 1}, {"fields": {"model": "permission", "app_label": "auth"}, "model": "contenttypes.contenttype", "pk": 2}, {"fields": {"model": "group", "app_label": "auth"}, "model": "contenttypes.contenttype", "pk": 3}, {"fields": {"model": "contenttype", "app_label": "contenttypes"}, "model": "contenttypes.contenttype", "pk": 4}, {"fields": {"model": "session", "app_label": "sessions"}, "model": "contenttypes.contenttype", "pk": 5}, {"fields": {"model": "token", "app_label": "authtoken"}, "model": "contenttypes.contenttype", "pk": 6}, {"fields": {"model": "corsmodel", "app_label": "corsheaders"}, "model": "contenttypes.contenttype", "pk": 7}, {"fields": {"model": "notification", "app_label": "notifications"}, "model": "contenttypes.contenttype", "pk": 8}, {"fields": {"model": "tag", "app_label": "taggit"}, "model": "contenttypes.contenttype", "pk": 9}, {"fields": {"model": "taggeditem", "app_label": "taggit"}, "model": "contenttypes.contenttype", "pk": 10}, {"fields": {"model": "user", "app_label": "core"}, "model": "contenttypes.contenttype", "pk": 11}, {"fields": {"model": "teacher", "app_label": "core"}, "model": "contenttypes.contenttype", "pk": 12}, {"fields": {"model": "student", "app_label": "core"}, "model": "contenttypes.contenttype", "pk": 13}, {"fields": {"model": "group", "app_label": "group"}, "model": "contenttypes.contenttype", "pk": 14}, {"fields": {"model": "pendingapproval", "app_label": "group"}, "model": "contenttypes.contenttype", "pk": 15}, {"fields": {"model": "post", "app_label": "post"}, "model": "contenttypes.contenttype", "pk": 16}, {"fields": {"model": "comment", "app_label": "post"}, "model": "contenttypes.contenttype", "pk": 17}, {"fields": {"model": "lesson", "app_label": "lesson"}, "model": "contenttypes.contenttype", "pk": 18}, {"fields": {"model": "lessonfiles", "app_label": "lesson"}, "model": "contenttypes.contenttype", "pk": 19}, {"fields": {"model": "assignment", "app_label": "assignment"}, "model": "contenttypes.contenttype", "pk": 20}, {"fields": {"model": "submittedassignment", "app_label": "assignment"}, "model": "contenttypes.contenttype", "pk": 21}, {"fields": {"model": "conversation", "app_label": "message"}, "model": "contenttypes.contenttype", "pk": 22}, {"fields": {"model": "message", "app_label": "message"}, "model": "contenttypes.contenttype", "pk": 23}, {"fields": {"model": "video", "app_label": "video"}, "model": "contenttypes.contenttype", "pk": 24}, {"fields": {"model": "userpasswordreset", "app_label": "core"}, "model": "contenttypes.contenttype", "pk": 25}, {"fields": {"model": "exam", "app_label": "exam"}, "model": "contenttypes.contenttype", "pk": 26}, {"fields": {"model": "question", "app_label": "exam"}, "model": "contenttypes.contenttype", "pk": 27}, {"fields": {"model": "score", "app_label": "exam"}, "model": "contenttypes.contenttype", "pk": 29}, {"fields": {"model": "studentanswer", "app_label": "exam"}, "model": "contenttypes.contenttype", "pk": 30}, {"fields": {"expire_date": "2016-06-30T10:44:37.374", "session_data": "ZDFjOWZlN2ZjNjY4OTk0NzhlNTYzNzE4YmI1NTdlZTVmMGU1ZDA2NDp7Il9hdXRoX3VzZXJfaGFzaCI6ImFmYjFmN2EwMDA0MmEyZGM3NDNmYTk5ODkzNzg4NDViZGI1OGYwMmIiLCJfYXV0aF91c2VyX2JhY2tlbmQiOiJkamFuZ28uY29udHJpYi5hdXRoLmJhY2tlbmRzLk1vZGVsQmFja2VuZCIsIl9hdXRoX3VzZXJfaWQiOiIxIn0="}, "model": "sessions.session", "pk": "rk45y8imb7e8c368wks3gfzwj7zza2oo"}, {"fields": {"name": "freelance", "slug": "freelance"}, "model": "taggit.tag", "pk": 1}, {"fields": {"name": "tes", "slug": "tes"}, "model": "taggit.tag", "pk": 2}, {"fields": {"name": "MM", "slug": "mm"}, "model": "taggit.tag", "pk": 3}, {"fields": {"name": "RPL", "slug": "rpl"}, "model": "taggit.tag", "pk": 4}, {"fields": {"name": "a", "slug": "a"}, "model": "taggit.tag", "pk": 5}, {"fields": {"name": "c", "slug": "c"}, "model": "taggit.tag", "pk": 6}, {"fields": {"name": "b", "slug": "b"}, "model": "taggit.tag", "pk": 7}, {"fields": {"name": "z", "slug": "z"}, "model": "taggit.tag", "pk": 8}, {"fields": {"name": "zx", "slug": "zx"}, "model": "taggit.tag", "pk": 9}, {"fields": {"name": "v", "slug": "v"}, "model": "taggit.tag", "pk": 10}, {"fields": {"name": "Java", "slug": "java"}, "model": "taggit.tag", "pk": 11}, {"fields": {"name": "Pemrograman", "slug": "pemrograman"}, "model": "taggit.tag", "pk": 12}, {"fields": {"tag": 3, "object_id": 8, "content_type": 24}, "model": "taggit.taggeditem", "pk": 14}, {"fields": {"tag": 4, "object_id": 8, "content_type": 24}, "model": "taggit.taggeditem", "pk": 15}, {"fields": {"tag": 4, "object_id": 9, "content_type": 24}, "model": "taggit.taggeditem", "pk": 16}, {"fields": {"tag": 11, "object_id": 9, "content_type": 24}, "model": "taggit.taggeditem", "pk": 17}, {"fields": {"tag": 12, "object_id": 9, "content_type": 24}, "model": "taggit.taggeditem", "pk": 18}, {"fields": {"tag": 11, "object_id": 10, "content_type": 24}, "model": "taggit.taggeditem", "pk": 19}, {"fields": {"tag": 4, "object_id": 10, "content_type": 24}, "model": "taggit.taggeditem", "pk": 20}, {"fields": {"created_at": "2016-06-27T12:15:40.661", "description": null, "group": 2, "updated_at": "2016-06-27T12:15:40.661", "title": "Materi Jarkom"}, "model": "lesson.lesson", "pk": 4}, {"fields": {"created_at": "2016-06-28T12:03:33.851", "description": null, "group": 1, "updated_at": "2016-06-28T12:03:33.851", "title": "a"}, "model": "lesson.lesson", "pk": 19}, {"fields": {"created_at": "2016-06-28T12:17:23.384", "description": null, "group": 1, "updated_at": "2016-06-28T12:17:23.384", "title": "cilok"}, "model": "lesson.lesson", "pk": 22}, {"fields": {"created_at": "2016-06-28T15:50:53.670", "description": null, "group": 1, "updated_at": "2016-06-28T15:50:53.670", "title": "Jaringan Kompute Dasar"}, "model": "lesson.lesson", "pk": 23}, {"fields": {"created_at": "2016-07-01T12:12:28.423", "description": null, "group": 4, "updated_at": "2016-07-01T12:12:28.423", "title": "Mikrotik Security"}, "model": "lesson.lesson", "pk": 24}, {"fields": {"lesson": 4, "file": "groups/2/a.jpg"}, "model": "lesson.lessonfiles", "pk": 8}, {"fields": {"lesson": 4, "file": "groups/2/b.jpg"}, "model": "lesson.lessonfiles", "pk": 9}, {"fields": {"lesson": 4, "file": "groups/2/c.jpg"}, "model": "lesson.lessonfiles", "pk": 10}, {"fields": {"lesson": 4, "file": "groups/2/d.jpg"}, "model": "lesson.lessonfiles", "pk": 11}, {"fields": {"lesson": 4, "file": "groups/2/e.jpg"}, "model": "lesson.lessonfiles", "pk": 12}, {"fields": {"lesson": 19, "file": "groups/1/a_G8jtzhH.jpg"}, "model": "lesson.lessonfiles", "pk": 34}, {"fields": {"lesson": 22, "file": "groups/1/b_F3z1Uyf.jpg"}, "model": "lesson.lessonfiles", "pk": 37}, {"fields": {"lesson": 22, "file": "groups/1/c_2gCsP9z.jpg"}, "model": "lesson.lessonfiles", "pk": 38}, {"fields": {"lesson": 23, "file": "groups/1/c0c_trpwZyr.jpg"}, "model": "lesson.lessonfiles", "pk": 39}, {"fields": {"lesson": 23, "file": "groups/1/data_model.gif"}, "model": "lesson.lessonfiles", "pk": 40}, {"fields": {"lesson": 23, "file": "groups/1/davechild_python.pdf"}, "model": "lesson.lessonfiles", "pk": 41}, {"fields": {"lesson": 24, "file": "groups/4/kizzlebot_django-basics.bw.pdf"}, "model": "lesson.lessonfiles", "pk": 42}, {"fields": {"lesson": 24, "file": "groups/4/lewiseason_django-models.bw.pdf"}, "model": "lesson.lessonfiles", "pk": 43}, {"fields": {"due_date": "2016-06-17T19:00:00", "group": 1, "description": "", "title": "First Assignment", "created_at": "2016-06-16T14:39:20.106", "updated_at": "2016-06-16T14:39:20.106", "file": ""}, "model": "assignment.assignment", "pk": 1}, {"fields": {"due_date": "2016-06-29T22:00:00", "group": 1, "description": "segera kumpulkan", "title": "Jaringan Dasar", "created_at": "2016-06-28T15:53:01.604", "updated_at": "2016-06-28T15:53:01.604", "file": ""}, "model": "assignment.assignment", "pk": 4}, {"fields": {"due_date": "2016-06-30T18:00:00", "group": 3, "description": "buatlah makalah jarkom", "title": "makalah jarkom", "created_at": "2016-06-28T16:33:28.738", "updated_at": "2016-06-28T16:33:28.738", "file": "group/3/filebaru.pdf"}, "model": "assignment.assignment", "pk": 5}, {"fields": {"due_date": "2016-07-03T00:11:00", "group": 1, "description": "buatlah makalah tentang aplikasi berbasis jaringan", "title": "Makalah", "created_at": "2016-07-01T12:11:23.592", "updated_at": "2016-07-01T12:11:23.592", "file": ""}, "model": "assignment.assignment", "pk": 6}, {"fields": {"due_date": "2016-06-30T22:00:00", "group": 4, "description": "segera kumpulkan", "title": "Konfigurasi", "created_at": "2016-07-01T13:22:05.946", "updated_at": "2016-07-01T12:12:58.691", "file": ""}, "model": "assignment.assignment", "pk": 7}, {"fields": {"due_date": "2016-06-30T17:00:26.912", "group": 4, "description": null, "title": "Tugas Sudah Lewat", "created_at": "2016-07-01T13:22:36.134", "updated_at": "2016-07-01T13:22:36.134", "file": ""}, "model": "assignment.assignment", "pk": 8}, {"fields": {"due_date": "2016-07-22T05:23:00", "group": 4, "description": null, "title": "Tugas Masih Bisa", "created_at": "2016-07-01T13:23:17.796", "updated_at": "2016-07-01T13:23:17.796", "file": ""}, "model": "assignment.assignment", "pk": 9}, {"fields": {"group": 1, "description": null, "title": "First Exam", "created_at": "2016-07-19T22:29:14.577", "updated_at": "2016-07-19T22:29:14.577", "duration": 60}, "model": "exam.exam", "pk": 1}, {"fields": {"answer_d": "dd", "answer_c": "cc", "exam": 1, "answer_a": "aa", "answer_key": "a", "text": "second question", "answer_b": "bb"}, "model": "exam.question", "pk": 3}, {"fields": {"answer_d": "d", "answer_c": "c", "exam": 1, "answer_a": "a", "answer_key": "a", "text": "apa ?", "answer_b": "b"}, "model": "exam.question", "pk": 4}, {"fields": {"codename": "add_logentry", "name": "Can add log entry", "content_type": 1}, "model": "auth.permission", "pk": 1}, {"fields": {"codename": "change_logentry", "name": "Can change log entry", "content_type": 1}, "model": "auth.permission", "pk": 2}, {"fields": {"codename": "delete_logentry", "name": "Can delete log entry", "content_type": 1}, "model": "auth.permission", "pk": 3}, {"fields": {"codename": "add_permission", "name": "Can add permission", "content_type": 2}, "model": "auth.permission", "pk": 4}, {"fields": {"codename": "change_permission", "name": "Can change permission", "content_type": 2}, "model": "auth.permission", "pk": 5}, {"fields": {"codename": "delete_permission", "name": "Can delete permission", "content_type": 2}, "model": "auth.permission", "pk": 6}, {"fields": {"codename": "add_group", "name": "Can add group", "content_type": 3}, "model": "auth.permission", "pk": 7}, {"fields": {"codename": "change_group", "name": "Can change group", "content_type": 3}, "model": "auth.permission", "pk": 8}, {"fields": {"codename": "delete_group", "name": "Can delete group", "content_type": 3}, "model": "auth.permission", "pk": 9}, {"fields": {"codename": "add_contenttype", "name": "Can add content type", "content_type": 4}, "model": "auth.permission", "pk": 10}, {"fields": {"codename": "change_contenttype", "name": "Can change content type", "content_type": 4}, "model": "auth.permission", "pk": 11}, {"fields": {"codename": "delete_contenttype", "name": "Can delete content type", "content_type": 4}, "model": "auth.permission", "pk": 12}, {"fields": {"codename": "add_session", "name": "Can add session", "content_type": 5}, "model": "auth.permission", "pk": 13}, {"fields": {"codename": "change_session", "name": "Can change session", "content_type": 5}, "model": "auth.permission", "pk": 14}, {"fields": {"codename": "delete_session", "name": "Can delete session", "content_type": 5}, "model": "auth.permission", "pk": 15}, {"fields": {"codename": "add_token", "name": "Can add token", "content_type": 6}, "model": "auth.permission", "pk": 16}, {"fields": {"codename": "change_token", "name": "Can change token", "content_type": 6}, "model": "auth.permission", "pk": 17}, {"fields": {"codename": "delete_token", "name": "Can delete token", "content_type": 6}, "model": "auth.permission", "pk": 18}, {"fields": {"codename": "add_corsmodel", "name": "Can add cors model", "content_type": 7}, "model": "auth.permission", "pk": 19}, {"fields": {"codename": "change_corsmodel", "name": "Can change cors model", "content_type": 7}, "model": "auth.permission", "pk": 20}, {"fields": {"codename": "delete_corsmodel", "name": "Can delete cors model", "content_type": 7}, "model": "auth.permission", "pk": 21}, {"fields": {"codename": "add_notification", "name": "Can add notification", "content_type": 8}, "model": "auth.permission", "pk": 22}, {"fields": {"codename": "change_notification", "name": "Can change notification", "content_type": 8}, "model": "auth.permission", "pk": 23}, {"fields": {"codename": "delete_notification", "name": "Can delete notification", "content_type": 8}, "model": "auth.permission", "pk": 24}, {"fields": {"codename": "add_tag", "name": "Can add Tag", "content_type": 9}, "model": "auth.permission", "pk": 25}, {"fields": {"codename": "change_tag", "name": "Can change Tag", "content_type": 9}, "model": "auth.permission", "pk": 26}, {"fields": {"codename": "delete_tag", "name": "Can delete Tag", "content_type": 9}, "model": "auth.permission", "pk": 27}, {"fields": {"codename": "add_taggeditem", "name": "Can add Tagged Item", "content_type": 10}, "model": "auth.permission", "pk": 28}, {"fields": {"codename": "change_taggeditem", "name": "Can change Tagged Item", "content_type": 10}, "model": "auth.permission", "pk": 29}, {"fields": {"codename": "delete_taggeditem", "name": "Can delete Tagged Item", "content_type": 10}, "model": "auth.permission", "pk": 30}, {"fields": {"codename": "add_user", "name": "Can add user", "content_type": 11}, "model": "auth.permission", "pk": 31}, {"fields": {"codename": "change_user", "name": "Can change user", "content_type": 11}, "model": "auth.permission", "pk": 32}, {"fields": {"codename": "delete_user", "name": "Can delete user", "content_type": 11}, "model": "auth.permission", "pk": 33}, {"fields": {"codename": "add_teacher", "name": "Can add teacher", "content_type": 12}, "model": "auth.permission", "pk": 34}, {"fields": {"codename": "change_teacher", "name": "Can change teacher", "content_type": 12}, "model": "auth.permission", "pk": 35}, {"fields": {"codename": "delete_teacher", "name": "Can delete teacher", "content_type": 12}, "model": "auth.permission", "pk": 36}, {"fields": {"codename": "add_student", "name": "Can add student", "content_type": 13}, "model": "auth.permission", "pk": 37}, {"fields": {"codename": "change_student", "name": "Can change student", "content_type": 13}, "model": "auth.permission", "pk": 38}, {"fields": {"codename": "delete_student", "name": "Can delete student", "content_type": 13}, "model": "auth.permission", "pk": 39}, {"fields": {"codename": "add_group", "name": "Can add group", "content_type": 14}, "model": "auth.permission", "pk": 40}, {"fields": {"codename": "change_group", "name": "Can change group", "content_type": 14}, "model": "auth.permission", "pk": 41}, {"fields": {"codename": "delete_group", "name": "Can delete group", "content_type": 14}, "model": "auth.permission", "pk": 42}, {"fields": {"codename": "add_pendingapproval", "name": "Can add pending approval", "content_type": 15}, "model": "auth.permission", "pk": 43}, {"fields": {"codename": "change_pendingapproval", "name": "Can change pending approval", "content_type": 15}, "model": "auth.permission", "pk": 44}, {"fields": {"codename": "delete_pendingapproval", "name": "Can delete pending approval", "content_type": 15}, "model": "auth.permission", "pk": 45}, {"fields": {"codename": "add_post", "name": "Can add post", "content_type": 16}, "model": "auth.permission", "pk": 46}, {"fields": {"codename": "change_post", "name": "Can change post", "content_type": 16}, "model": "auth.permission", "pk": 47}, {"fields": {"codename": "delete_post", "name": "Can delete post", "content_type": 16}, "model": "auth.permission", "pk": 48}, {"fields": {"codename": "add_comment", "name": "Can add comment", "content_type": 17}, "model": "auth.permission", "pk": 49}, {"fields": {"codename": "change_comment", "name": "Can change comment", "content_type": 17}, "model": "auth.permission", "pk": 50}, {"fields": {"codename": "delete_comment", "name": "Can delete comment", "content_type": 17}, "model": "auth.permission", "pk": 51}, {"fields": {"codename": "add_lesson", "name": "Can add lesson", "content_type": 18}, "model": "auth.permission", "pk": 52}, {"fields": {"codename": "change_lesson", "name": "Can change lesson", "content_type": 18}, "model": "auth.permission", "pk": 53}, {"fields": {"codename": "delete_lesson", "name": "Can delete lesson", "content_type": 18}, "model": "auth.permission", "pk": 54}, {"fields": {"codename": "add_lessonfiles", "name": "Can add lesson files", "content_type": 19}, "model": "auth.permission", "pk": 55}, {"fields": {"codename": "change_lessonfiles", "name": "Can change lesson files", "content_type": 19}, "model": "auth.permission", "pk": 56}, {"fields": {"codename": "delete_lessonfiles", "name": "Can delete lesson files", "content_type": 19}, "model": "auth.permission", "pk": 57}, {"fields": {"codename": "add_assignment", "name": "Can add assignment", "content_type": 20}, "model": "auth.permission", "pk": 58}, {"fields": {"codename": "change_assignment", "name": "Can change assignment", "content_type": 20}, "model": "auth.permission", "pk": 59}, {"fields": {"codename": "delete_assignment", "name": "Can delete assignment", "content_type": 20}, "model": "auth.permission", "pk": 60}, {"fields": {"codename": "add_submittedassignment", "name": "Can add submitted assignment", "content_type": 21}, "model": "auth.permission", "pk": 61}, {"fields": {"codename": "change_submittedassignment", "name": "Can change submitted assignment", "content_type": 21}, "model": "auth.permission", "pk": 62}, {"fields": {"codename": "delete_submittedassignment", "name": "Can delete submitted assignment", "content_type": 21}, "model": "auth.permission", "pk": 63}, {"fields": {"codename": "add_conversation", "name": "Can add conversation", "content_type": 22}, "model": "auth.permission", "pk": 64}, {"fields": {"codename": "change_conversation", "name": "Can change conversation", "content_type": 22}, "model": "auth.permission", "pk": 65}, {"fields": {"codename": "delete_conversation", "name": "Can delete conversation", "content_type": 22}, "model": "auth.permission", "pk": 66}, {"fields": {"codename": "add_message", "name": "Can add message", "content_type": 23}, "model": "auth.permission", "pk": 67}, {"fields": {"codename": "change_message", "name": "Can change message", "content_type": 23}, "model": "auth.permission", "pk": 68}, {"fields": {"codename": "delete_message", "name": "Can delete message", "content_type": 23}, "model": "auth.permission", "pk": 69}, {"fields": {"codename": "add_video", "name": "Can add video", "content_type": 24}, "model": "auth.permission", "pk": 70}, {"fields": {"codename": "change_video", "name": "Can change video", "content_type": 24}, "model": "auth.permission", "pk": 71}, {"fields": {"codename": "delete_video", "name": "Can delete video", "content_type": 24}, "model": "auth.permission", "pk": 72}, {"fields": {"codename": "add_userpasswordreset", "name": "Can add user password reset", "content_type": 25}, "model": "auth.permission", "pk": 73}, {"fields": {"codename": "change_userpasswordreset", "name": "Can change user password reset", "content_type": 25}, "model": "auth.permission", "pk": 74}, {"fields": {"codename": "delete_userpasswordreset", "name": "Can delete user password reset", "content_type": 25}, "model": "auth.permission", "pk": 75}, {"fields": {"codename": "add_exam", "name": "Can add exam", "content_type": 26}, "model": "auth.permission", "pk": 76}, {"fields": {"codename": "change_exam", "name": "Can change exam", "content_type": 26}, "model": "auth.permission", "pk": 77}, {"fields": {"codename": "delete_exam", "name": "Can delete exam", "content_type": 26}, "model": "auth.permission", "pk": 78}, {"fields": {"codename": "add_question", "name": "Can add question", "content_type": 27}, "model": "auth.permission", "pk": 79}, {"fields": {"codename": "change_question", "name": "Can change question", "content_type": 27}, "model": "auth.permission", "pk": 80}, {"fields": {"codename": "delete_question", "name": "Can delete question", "content_type": 27}, "model": "auth.permission", "pk": 81}, {"fields": {"codename": "add_score", "name": "Can add score", "content_type": 29}, "model": "auth.permission", "pk": 85}, {"fields": {"codename": "change_score", "name": "Can change score", "content_type": 29}, "model": "auth.permission", "pk": 86}, {"fields": {"codename": "delete_score", "name": "Can delete score", "content_type": 29}, "model": "auth.permission", "pk": 87}, {"fields": {"codename": "add_studentanswer", "name": "Can add student answer", "content_type": 30}, "model": "auth.permission", "pk": 88}, {"fields": {"codename": "change_studentanswer", "name": "Can change student answer", "content_type": 30}, "model": "auth.permission", "pk": 89}, {"fields": {"codename": "delete_studentanswer", "name": "Can delete student answer", "content_type": 30}, "model": "auth.permission", "pk": 90}, {"fields": {"username": "admin@gmail.com", "status": 2, "name": "", "phone": null, "photo": "", "is_active": true, "reg_id": null, "is_superuser": true, "is_staff": true, "last_login": "2016-06-16T10:44:37.341", "groups": [], "user_permissions": [], "is_admin": true, "password": "pbkdf2_sha256$20000$ZBNkLxgRl2Ph$lvSi16tjt1/TR5cZOD/bnhJJHypDzlrsx0g/RUzM3aM=", "email": "admin@gmail.com", "date_joined": "2016-06-10T22:32:28.394"}, "model": "core.user", "pk": 1}, {"fields": {"username": "dayat.py@gmail.com", "status": 2, "name": "Bahrul Hidayat", "phone": "", "photo": "", "is_active": true, "reg_id": null, "is_superuser": false, "is_staff": false, "last_login": null, "groups": [], "user_permissions": [], "is_admin": false, "password": "pbkdf2_sha256$20000$ByxSWjErCetd$/r4vRLeImh7c8S9PNpmrtAnIe/OKgN0X0pcp2BTGyXE=", "email": "dayat.py@gmail.com", "date_joined": "2016-06-10T22:35:04.559"}, "model": "core.user", "pk": 2}, {"fields": {"username": "ela@gmail.com", "status": 2, "name": "Baiq Ela Nopita", "phone": "", "photo": "users/3/profile_41d9nUO.jpg", "is_active": true, "reg_id": "ekmycNNHU4E:APA91bHaV6jHPLaz6oKLe-4CcJQM_3vxaWgwH-GIHj5ICW0NTyDmNP7CniPaRsDjEUAghjADdlA3GFslD88YQ_-dghF3WFkr7vZLXbDo3PofZ93Yd-72NOSnIjF6KSwbMfGRg63kSwSO", "is_superuser": false, "is_staff": false, "last_login": null, "groups": [], "user_permissions": [], "is_admin": false, "password": "pbkdf2_sha256$20000$yHuHUuWzeiYU$IRbBBnfEXCoTr92ygOevtuOlwXmqTvxG637yQ1cis5s=", "email": "ela@gmail.com", "date_joined": "2016-06-10T22:35:20.372"}, "model": "core.user", "pk": 3}, {"fields": {"username": "emet@gmail.com", "status": 2, "name": "Aulindra Adi Putra", "phone": null, "photo": "", "is_active": true, "reg_id": null, "is_superuser": false, "is_staff": false, "last_login": null, "groups": [], "user_permissions": [], "is_admin": false, "password": "pbkdf2_sha256$20000$fiUyg8az41xU$QK117W75DrwyQ7IbfFY5SeYdGI9WxUNI8afR8toLW7Q=", "email": "emet@gmail.com", "date_joined": "2016-06-10T22:35:36.644"}, "model": "core.user", "pk": 4}, {"fields": {"username": "putu@gmail.com", "status": 1, "name": "Putu Hariyadi", "phone": "0819079999888", "photo": "users/5/profile.png", "is_active": true, "reg_id": "cehZ9I44Hdg:APA91bFo95eHAQbk62AWTO7m2sq0WSP2ggAGbz8h7he0Ew_JW0bAQxEYNo4pczpw2nhgIWzl3Eb2dN5rifvPRVElGzYym0AvMXXOVtVGbTzZCPg5YmdCajP0lNrdjGxRflRisBP5zht0", "is_superuser": false, "is_staff": false, "last_login": null, "groups": [], "user_permissions": [], "is_admin": false, "password": "pbkdf2_sha256$20000$debZrp1nNVUm$LiFyu4G/P1SHMy1NMKBuKt20BNXA/lREHIUutEqHxp4=", "email": "putu@gmail.com", "date_joined": "2016-06-10T22:35:54.979"}, "model": "core.user", "pk": 5}, {"fields": {"username": "galih@gmail.com", "status": 1, "name": "Galih Hendro", "phone": null, "photo": "", "is_active": true, "reg_id": "dKXenvRSf58:APA91bG7LWfDlAAj84IBVifttwsmA9j-3WCBVEvsUW_qDbALaJ78EeVgUKkFBox6Q-HryIPzjF4dtfaoIs55QB1BFJGlcR_qijp0QpltLeZeCiB_8VwOoFOZ-H_W8smJQPWGj7mRbfVn", "is_superuser": false, "is_staff": false, "last_login": null, "groups": [], "user_permissions": [], "is_admin": false, "password": "pbkdf2_sha256$20000$TcFdqFgfBGjS$sv8+7imR/N17CRIcj7K7xJlkjW/7ELspC0nhIOJpXwA=", "email": "galih@gmail.com", "date_joined": "2016-06-10T22:36:11.266"}, "model": "core.user", "pk": 6}, {"fields": {"username": "dosen@gmail.com", "status": 1, "name": "Dosen", "phone": null, "photo": "", "is_active": true, "reg_id": null, "is_superuser": false, "is_staff": false, "last_login": null, "groups": [], "user_permissions": [], "is_admin": false, "password": "pbkdf2_sha256$20000$2vtnFaBG2ewA$8ZCztYb3foKkaPcoET4DprU82Q8DrcVxXcekXKNsZRg=", "email": "dosen@gmail.com", "date_joined": "2016-06-10T22:36:27.752"}, "model": "core.user", "pk": 7}, {"fields": {"username": "mahasiswa@gmail.com", "status": 2, "name": "Mahasiswa Baru", "phone": null, "photo": "", "is_active": true, "reg_id": null, "is_superuser": false, "is_staff": false, "last_login": null, "groups": [], "user_permissions": [], "is_admin": false, "password": "pbkdf2_sha256$20000$6bUJ4xgq9yzv$f652Ew6uB53JKVBs/JRJQ6TJeiwUxzzf7heWGhjKGLk=", "email": "mahasiswa@gmail.com", "date_joined": "2016-06-10T22:41:23.100"}, "model": "core.user", "pk": 8}, {"fields": {"username": "register@gmail.com", "status": 2, "name": "Register Page", "phone": null, "photo": "", "is_active": false, "reg_id": null, "is_superuser": false, "is_staff": false, "last_login": null, "groups": [], "user_permissions": [], "is_admin": false, "password": "pbkdf2_sha256$20000$V0hzM2t4H5e1$srR9+aUZyuUYSBK0uuq/+Tpr2EFyW+v2Hdw3OTI6E2o=", "email": "register@gmail.com", "date_joined": "2016-06-21T09:45:37.157"}, "model": "core.user", "pk": 16}, {"fields": {"username": "putu", "nik": "123", "user": 5}, "model": "core.teacher", "pk": 1}, {"fields": {"username": "galih", "nik": "124", "user": 6}, "model": "core.teacher", "pk": 2}, {"fields": {"username": "dosen", "nik": "125", "user": 7}, "model": "core.teacher", "pk": 3}, {"fields": {"major": 1, "user": 2, "nim": "1210510006"}, "model": "core.student", "pk": 1}, {"fields": {"major": 1, "user": 3, "nim": "1210520070"}, "model": "core.student", "pk": 2}, {"fields": {"major": 1, "user": 4, "nim": "1210510016"}, "model": "core.student", "pk": 3}, {"fields": {"major": 1, "user": 8, "nim": "1210510001"}, "model": "core.student", "pk": 4}, {"fields": {"major": 1, "user": 16, "nim": "1210510090"}, "model": "core.student", "pk": 5}, {"fields": {"new_pass": "n6ETL-AI6umpW", "code": "233a87ee-14d6-4d22-a9bd-f006441efec6", "user": 2}, "model": "core.userpasswordreset", "pk": 4}, {"fields": {"major": "S1 TI", "description": "Aplikasi Berbasis Jaringan", "title": "ABJ Kelas A", "created_at": "2016-07-23T20:46:32.039", "updated_at": "2016-06-10T22:42:45.271", "semester": 6, "members": [3, 4, 2], "teacher": 5}, "model": "group.group", "pk": 1}, {"fields": {"major": "S1 TI", "description": "Jaringan Komputer kelas B", "title": "Jarkom B", "created_at": "2016-07-28T13:56:39.129", "updated_at": "2016-06-10T22:43:25.572", "semester": 4, "members": [3, 4], "teacher": 5}, "model": "group.group", "pk": 2}, {"fields": {"major": "S1 TI", "description": null, "title": "Jarkom", "created_at": "2016-06-28T16:30:25.919", "updated_at": "2016-06-28T16:30:25.919", "semester": 4, "members": [], "teacher": 5}, "model": "group.group", "pk": 3}, {"fields": {"major": "S1 TI", "description": "kelas hari selasa", "title": "Sistem Keamanan Jaringan", "created_at": "2016-07-01T12:08:56.999", "updated_at": "2016-07-01T12:08:56.999", "semester": 7, "members": [3, 4], "teacher": 5}, "model": "group.group", "pk": 4}, {"fields": {"votes": [3], "group": 1, "text": "this is long text will be splitted to last 30 chars max, and with dots", "created_at": "2016-06-16T16:04:49.612", "updated_at": "2016-06-16T16:04:49.612", "user": 3, "file": ""}, "model": "post.post", "pk": 2}, {"fields": {"votes": [5], "group": 1, "text": "posting sesuatu", "created_at": "2016-06-23T16:17:40.037", "updated_at": "2016-06-23T16:17:40.037", "user": 2, "file": ""}, "model": "post.post", "pk": 3}, {"fields": {"votes": [], "group": 1, "text": "halooo", "created_at": "2016-06-24T16:36:21.944", "updated_at": "2016-06-24T16:36:21.944", "user": 5, "file": ""}, "model": "post.post", "pk": 4}, {"fields": {"votes": [], "group": 1, "text": "asd", "created_at": "2016-06-27T22:57:11.977", "updated_at": "2016-06-27T22:57:11.977", "user": 5, "file": ""}, "model": "post.post", "pk": 10}, {"fields": {"votes": [], "group": 1, "text": "tesx", "created_at": "2016-06-27T23:00:24.552", "updated_at": "2016-06-27T23:00:24.552", "user": 5, "file": ""}, "model": "post.post", "pk": 11}, {"fields": {"votes": [], "group": 1, "text": "xc", "created_at": "2016-06-27T23:02:12.718", "updated_at": "2016-06-27T23:02:12.718", "user": 5, "file": ""}, "model": "post.post", "pk": 12}, {"fields": {"votes": [], "group": 1, "text": "x", "created_at": "2016-06-27T23:03:30.852", "updated_at": "2016-06-27T23:03:30.852", "user": 5, "file": ""}, "model": "post.post", "pk": 13}, {"fields": {"votes": [3], "group": 1, "text": "xx", "created_at": "2016-06-27T23:04:24.667", "updated_at": "2016-06-27T23:04:24.667", "user": 5, "file": ""}, "model": "post.post", "pk": 14}, {"fields": {"votes": [], "group": 1, "text": "tes", "created_at": "2016-06-27T23:09:22.138", "updated_at": "2016-06-27T23:09:22.138", "user": 3, "file": ""}, "model": "post.post", "pk": 17}, {"fields": {"votes": [3, 5], "group": 1, "text": "diskusi dengan file", "created_at": "2016-06-28T15:48:04.364", "updated_at": "2016-06-28T15:48:04.364", "user": 3, "file": "group/1/a_VDr3BZo.jpg"}, "model": "post.post", "pk": 18}, {"fields": {"votes": [], "group": 4, "text": "post pertama", "created_at": "2016-07-01T12:11:56.105", "updated_at": "2016-07-01T12:11:56.105", "user": 5, "file": ""}, "model": "post.post", "pk": 21}, {"fields": {"votes": [3], "group": 1, "text": "diskusi dari mahasiswa", "created_at": "2016-07-01T12:58:45.064", "updated_at": "2016-07-01T12:58:45.064", "user": 3, "file": ""}, "model": "post.post", "pk": 22}, {"fields": {"votes": [], "group": 1, "text": "gattt", "created_at": "2016-07-01T16:37:33.493", "updated_at": "2016-07-01T16:37:33.493", "user": 5, "file": ""}, "model": "post.post", "pk": 23}, {"fields": {"votes": [], "group": 1, "text": "dgfggh", "created_at": "2016-07-01T16:37:47.066", "updated_at": "2016-07-01T16:37:47.066", "user": 5, "file": ""}, "model": "post.post", "pk": 24}, {"fields": {"post": 18, "text": "bisa komentar", "created_at": "2016-06-28T15:48:20.323", "updated_at": "2016-06-28T15:48:20.323", "user": 3}, "model": "post.comment", "pk": 1}, {"fields": {"post": 14, "text": "komentar", "created_at": "2016-07-01T11:58:29.929", "updated_at": "2016-07-01T11:58:29.929", "user": 3}, "model": "post.comment", "pk": 2}, {"fields": {"post": 18, "text": "komentari", "created_at": "2016-07-01T12:19:14.082", "updated_at": "2016-07-01T12:19:14.082", "user": 5}, "model": "post.comment", "pk": 3}, {"fields": {"post": 22, "text": "komentar", "created_at": "2016-07-01T12:58:53.771", "updated_at": "2016-07-01T12:58:53.772", "user": 3}, "model": "post.comment", "pk": 4}, {"fields": {"assignment": 1, "created_at": "2016-06-16T14:55:23.015", "updated_at": "2016-06-16T14:55:23.015", "user": 3, "file": "group/1/fcm.py", "text": "text"}, "model": "assignment.submittedassignment", "pk": 1}, {"fields": {"assignment": 4, "created_at": "2016-06-28T15:55:41.019", "updated_at": "2016-06-28T15:55:02.014", "user": 3, "file": "group/1/dump.rdb", "text": "sy perbaiki pak"}, "model": "assignment.submittedassignment", "pk": 5}, {"fields": {"assignment": 6, "created_at": "2016-07-01T12:13:12.397", "updated_at": "2016-07-01T12:13:12.397", "user": 3, "file": "group/1/filebaru.pdf", "text": "deskripsi tugas"}, "model": "assignment.submittedassignment", "pk": 6}, {"fields": {"assignment": 7, "created_at": "2016-07-01T12:16:43.946", "updated_at": "2016-07-01T12:16:43.946", "user": 3, "file": "group/4/13086962_1009525562469673_6829686927387715758_o.jpg", "text": "sudah sy kumpulkan"}, "model": "assignment.submittedassignment", "pk": 7}, {"fields": {"updated_at": "2016-07-01T12:22:25.876", "created_at": "2016-06-26T12:04:47.044", "sender": 5, "reciever": 2}, "model": "message.conversation", "pk": 1}, {"fields": {"updated_at": "2016-07-01T12:16:14.879", "created_at": "2016-07-01T12:14:54.765", "sender": 5, "reciever": 3}, "model": "message.conversation", "pk": 2}, {"fields": {"updated_at": "2016-07-01T12:15:44.035", "created_at": "2016-07-01T12:15:30.233", "sender": 3, "reciever": 2}, "model": "message.conversation", "pk": 3}, {"fields": {"status": "s", "text": "hay", "visible_to": 2, "conversation": 1, "user": 5, "sent": "2016-06-26T12:04:47.210"}, "model": "message.message", "pk": 1}, {"fields": {"status": "s", "text": "ela", "visible_to": null, "conversation": 2, "user": 5, "sent": "2016-07-01T12:14:54.842"}, "model": "message.message", "pk": 2}, {"fields": {"status": "s", "text": "hay dayat", "visible_to": null, "conversation": 3, "user": 3, "sent": "2016-07-01T12:15:30.275"}, "model": "message.message", "pk": 3}, {"fields": {"status": "s", "text": "hay!", "visible_to": null, "conversation": 3, "user": 3, "sent": "2016-07-01T12:15:44.000"}, "model": "message.message", "pk": 4}, {"fields": {"status": "s", "text": "iya pak", "visible_to": null, "conversation": 2, "user": 3, "sent": "2016-07-01T12:16:14.800"}, "model": "message.message", "pk": 5}, {"fields": {"status": "s", "text": "hay dayat!", "visible_to": null, "conversation": 1, "user": 5, "sent": "2016-07-01T12:22:25.838"}, "model": "message.message", "pk": 6}, {"fields": {"description": "Description", "title": "Ttitle", "created_at": "2016-06-13T21:05:31.614", "updated_at": "2016-06-13T21:05:31.614", "user": 5, "youtube_id": "IFY4cCHdZdo", "slug": "ttitle"}, "model": "video.video", "pk": 8}, {"fields": {"description": "vidio tentang operator kondisi di java", "title": "Java Conditional Operator", "created_at": "2016-06-28T12:30:53.335", "updated_at": "2016-06-28T12:30:53.335", "user": 5, "youtube_id": "247iEzYyI5E", "slug": "java-conditional-operator"}, "model": "video.video", "pk": 9}, {"fields": {"description": null, "title": "Java Dasar", "created_at": "2016-07-01T12:15:52.387", "updated_at": "2016-07-01T12:15:52.387", "user": 5, "youtube_id": "nRfbXUzfJFs", "slug": "java-dasar"}, "model": "video.video", "pk": 10}, {"fields": {"score": 0.5, "user": 3, "exam": 1}, "model": "exam.score", "pk": 3}, {"fields": {"answer": "b", "question": 3, "user": 3}, "model": "exam.studentanswer", "pk": 13}, {"fields": {"action_object_object_id": "3", "emailed": false, "description": null, "level": "info", "deleted": false, "timestamp": "2016-06-22T14:14:47.336", "action_object_content_type": 20, "data": null, "actor_object_id": "5", "verb": "menambahkan tugas", "target_object_id": "1", "actor_content_type": 11, "unread": true, "recipient": 2, "public": true, "target_content_type": 14}, "model": "notifications.notification", "pk": 5}, {"fields": {"action_object_object_id": null, "emailed": false, "description": null, "level": "info", "deleted": false, "timestamp": "2016-06-24T16:36:22.212", "action_object_content_type": null, "data": null, "actor_object_id": "5", "verb": "mengirim post", "target_object_id": "1", "actor_content_type": 11, "unread": true, "recipient": 2, "public": true, "target_content_type": 14}, "model": "notifications.notification", "pk": 11}, {"fields": {"action_object_object_id": null, "emailed": false, "description": null, "level": "info", "deleted": false, "timestamp": "2016-06-24T16:36:38.189", "action_object_content_type": null, "data": null, "actor_object_id": "5", "verb": "mengirim post", "target_object_id": "1", "actor_content_type": 11, "unread": true, "recipient": 2, "public": true, "target_content_type": 14}, "model": "notifications.notification", "pk": 13}, {"fields": {"action_object_object_id": "2", "emailed": false, "description": null, "level": "info", "deleted": false, "timestamp": "2016-06-25T00:45:09.219", "action_object_content_type": 18, "data": null, "actor_object_id": "5", "verb": "menambahkan materi", "target_object_id": "1", "actor_content_type": 11, "unread": true, "recipient": 2, "public": true, "target_content_type": 14}, "model": "notifications.notification", "pk": 15}, {"fields": {"action_object_object_id": "3", "emailed": false, "description": null, "level": "info", "deleted": false, "timestamp": "2016-06-25T00:45:20.912", "action_object_content_type": 18, "data": null, "actor_object_id": "5", "verb": "menambahkan materi", "target_object_id": "1", "actor_content_type": 11, "unread": true, "recipient": 2, "public": true, "target_content_type": 14}, "model": "notifications.notification", "pk": 17}, {"fields": {"action_object_object_id": null, "emailed": false, "description": null, "level": "info", "deleted": false, "timestamp": "2016-06-27T22:47:54.759", "action_object_content_type": null, "data": null, "actor_object_id": "5", "verb": "mengirim post", "target_object_id": "1", "actor_content_type": 11, "unread": true, "recipient": 2, "public": true, "target_content_type": 14}, "model": "notifications.notification", "pk": 19}, {"fields": {"action_object_object_id": null, "emailed": false, "description": null, "level": "info", "deleted": false, "timestamp": "2016-06-27T22:48:17.747", "action_object_content_type": null, "data": null, "actor_object_id": "5", "verb": "mengirim post", "target_object_id": "1", "actor_content_type": 11, "unread": true, "recipient": 2, "public": true, "target_content_type": 14}, "model": "notifications.notification", "pk": 21}, {"fields": {"action_object_object_id": null, "emailed": false, "description": null, "level": "info", "deleted": false, "timestamp": "2016-06-27T22:50:42.529", "action_object_content_type": null, "data": null, "actor_object_id": "5", "verb": "mengirim post", "target_object_id": "1", "actor_content_type": 11, "unread": true, "recipient": 2, "public": true, "target_content_type": 14}, "model": "notifications.notification", "pk": 23}, {"fields": {"action_object_object_id": null, "emailed": false, "description": null, "level": "info", "deleted": false, "timestamp": "2016-06-27T22:56:20.264", "action_object_content_type": null, "data": null, "actor_object_id": "5", "verb": "mengirim post", "target_object_id": "1", "actor_content_type": 11, "unread": true, "recipient": 2, "public": true, "target_content_type": 14}, "model": "notifications.notification", "pk": 25}, {"fields": {"action_object_object_id": null, "emailed": false, "description": null, "level": "info", "deleted": false, "timestamp": "2016-06-27T22:57:12.054", "action_object_content_type": null, "data": null, "actor_object_id": "5", "verb": "mengirim post", "target_object_id": "1", "actor_content_type": 11, "unread": true, "recipient": 2, "public": true, "target_content_type": 14}, "model": "notifications.notification", "pk": 27}, {"fields": {"action_object_object_id": null, "emailed": false, "description": null, "level": "info", "deleted": false, "timestamp": "2016-06-27T23:00:24.635", "action_object_content_type": null, "data": null, "actor_object_id": "5", "verb": "mengirim post", "target_object_id": "1", "actor_content_type": 11, "unread": true, "recipient": 2, "public": true, "target_content_type": 14}, "model": "notifications.notification", "pk": 29}, {"fields": {"action_object_object_id": null, "emailed": false, "description": null, "level": "info", "deleted": false, "timestamp": "2016-06-27T23:02:12.798", "action_object_content_type": null, "data": null, "actor_object_id": "5", "verb": "mengirim post", "target_object_id": "1", "actor_content_type": 11, "unread": true, "recipient": 2, "public": true, "target_content_type": 14}, "model": "notifications.notification", "pk": 31}, {"fields": {"action_object_object_id": null, "emailed": false, "description": null, "level": "info", "deleted": false, "timestamp": "2016-06-27T23:03:30.951", "action_object_content_type": null, "data": null, "actor_object_id": "5", "verb": "mengirim post", "target_object_id": "1", "actor_content_type": 11, "unread": true, "recipient": 2, "public": true, "target_content_type": 14}, "model": "notifications.notification", "pk": 33}, {"fields": {"action_object_object_id": null, "emailed": false, "description": null, "level": "info", "deleted": false, "timestamp": "2016-06-27T23:04:24.748", "action_object_content_type": null, "data": null, "actor_object_id": "5", "verb": "mengirim post", "target_object_id": "1", "actor_content_type": 11, "unread": true, "recipient": 2, "public": true, "target_content_type": 14}, "model": "notifications.notification", "pk": 35}, {"fields": {"action_object_object_id": null, "emailed": false, "description": null, "level": "info", "deleted": false, "timestamp": "2016-06-27T23:05:19.277", "action_object_content_type": null, "data": null, "actor_object_id": "3", "verb": "mengirim post", "target_object_id": "1", "actor_content_type": 11, "unread": true, "recipient": 2, "public": true, "target_content_type": 14}, "model": "notifications.notification", "pk": 36}, {"fields": {"action_object_object_id": null, "emailed": false, "description": null, "level": "info", "deleted": false, "timestamp": "2016-06-27T23:05:56.786", "action_object_content_type": null, "data": null, "actor_object_id": "3", "verb": "mengirim post", "target_object_id": "1", "actor_content_type": 11, "unread": true, "recipient": 2, "public": true, "target_content_type": 14}, "model": "notifications.notification", "pk": 38}, {"fields": {"action_object_object_id": null, "emailed": false, "description": null, "level": "info", "deleted": false, "timestamp": "2016-06-27T23:09:22.192", "action_object_content_type": null, "data": null, "actor_object_id": "3", "verb": "mengirim post", "target_object_id": "1", "actor_content_type": 11, "unread": true, "recipient": 2, "public": true, "target_content_type": 14}, "model": "notifications.notification", "pk": 40}, {"fields": {"action_object_object_id": "5", "emailed": false, "description": null, "level": "info", "deleted": false, "timestamp": "2016-06-28T11:08:58.205", "action_object_content_type": 18, "data": null, "actor_object_id": "5", "verb": "menambahkan materi", "target_object_id": "1", "actor_content_type": 11, "unread": true, "recipient": 2, "public": true, "target_content_type": 14}, "model": "notifications.notification", "pk": 42}, {"fields": {"action_object_object_id": "6", "emailed": false, "description": null, "level": "info", "deleted": false, "timestamp": "2016-06-28T11:14:11.007", "action_object_content_type": 18, "data": null, "actor_object_id": "5", "verb": "menambahkan materi", "target_object_id": "1", "actor_content_type": 11, "unread": true, "recipient": 2, "public": true, "target_content_type": 14}, "model": "notifications.notification", "pk": 44}, {"fields": {"action_object_object_id": "7", "emailed": false, "description": null, "level": "info", "deleted": false, "timestamp": "2016-06-28T11:23:29.365", "action_object_content_type": 18, "data": null, "actor_object_id": "5", "verb": "menambahkan materi", "target_object_id": "1", "actor_content_type": 11, "unread": true, "recipient": 2, "public": true, "target_content_type": 14}, "model": "notifications.notification", "pk": 46}, {"fields": {"action_object_object_id": "8", "emailed": false, "description": null, "level": "info", "deleted": false, "timestamp": "2016-06-28T11:29:49.939", "action_object_content_type": 18, "data": null, "actor_object_id": "5", "verb": "menambahkan materi", "target_object_id": "1", "actor_content_type": 11, "unread": true, "recipient": 2, "public": true, "target_content_type": 14}, "model": "notifications.notification", "pk": 48}, {"fields": {"action_object_object_id": "9", "emailed": false, "description": null, "level": "info", "deleted": false, "timestamp": "2016-06-28T11:34:59.860", "action_object_content_type": 18, "data": null, "actor_object_id": "5", "verb": "menambahkan materi", "target_object_id": "1", "actor_content_type": 11, "unread": true, "recipient": 2, "public": true, "target_content_type": 14}, "model": "notifications.notification", "pk": 50}, {"fields": {"action_object_object_id": "10", "emailed": false, "description": null, "level": "info", "deleted": false, "timestamp": "2016-06-28T11:35:37.793", "action_object_content_type": 18, "data": null, "actor_object_id": "5", "verb": "menambahkan materi", "target_object_id": "1", "actor_content_type": 11, "unread": true, "recipient": 2, "public": true, "target_content_type": 14}, "model": "notifications.notification", "pk": 52}, {"fields": {"action_object_object_id": "11", "emailed": false, "description": null, "level": "info", "deleted": false, "timestamp": "2016-06-28T11:37:07.447", "action_object_content_type": 18, "data": null, "actor_object_id": "5", "verb": "menambahkan materi", "target_object_id": "1", "actor_content_type": 11, "unread": true, "recipient": 2, "public": true, "target_content_type": 14}, "model": "notifications.notification", "pk": 54}, {"fields": {"action_object_object_id": "12", "emailed": false, "description": null, "level": "info", "deleted": false, "timestamp": "2016-06-28T11:37:40.389", "action_object_content_type": 18, "data": null, "actor_object_id": "5", "verb": "menambahkan materi", "target_object_id": "1", "actor_content_type": 11, "unread": true, "recipient": 2, "public": true, "target_content_type": 14}, "model": "notifications.notification", "pk": 56}, {"fields": {"action_object_object_id": "13", "emailed": false, "description": null, "level": "info", "deleted": false, "timestamp": "2016-06-28T11:39:05.542", "action_object_content_type": 18, "data": null, "actor_object_id": "5", "verb": "menambahkan materi", "target_object_id": "1", "actor_content_type": 11, "unread": true, "recipient": 2, "public": true, "target_content_type": 14}, "model": "notifications.notification", "pk": 58}, {"fields": {"action_object_object_id": "14", "emailed": false, "description": null, "level": "info", "deleted": false, "timestamp": "2016-06-28T11:40:18.207", "action_object_content_type": 18, "data": null, "actor_object_id": "5", "verb": "menambahkan materi", "target_object_id": "1", "actor_content_type": 11, "unread": true, "recipient": 2, "public": true, "target_content_type": 14}, "model": "notifications.notification", "pk": 60}, {"fields": {"action_object_object_id": "15", "emailed": false, "description": null, "level": "info", "deleted": false, "timestamp": "2016-06-28T11:41:03.562", "action_object_content_type": 18, "data": null, "actor_object_id": "5", "verb": "menambahkan materi", "target_object_id": "1", "actor_content_type": 11, "unread": true, "recipient": 2, "public": true, "target_content_type": 14}, "model": "notifications.notification", "pk": 62}, {"fields": {"action_object_object_id": "16", "emailed": false, "description": null, "level": "info", "deleted": false, "timestamp": "2016-06-28T11:53:31.149", "action_object_content_type": 18, "data": null, "actor_object_id": "5", "verb": "menambahkan materi", "target_object_id": "1", "actor_content_type": 11, "unread": true, "recipient": 2, "public": true, "target_content_type": 14}, "model": "notifications.notification", "pk": 64}, {"fields": {"action_object_object_id": "17", "emailed": false, "description": null, "level": "info", "deleted": false, "timestamp": "2016-06-28T11:58:40.186", "action_object_content_type": 18, "data": null, "actor_object_id": "5", "verb": "menambahkan materi", "target_object_id": "1", "actor_content_type": 11, "unread": true, "recipient": 2, "public": true, "target_content_type": 14}, "model": "notifications.notification", "pk": 66}, {"fields": {"action_object_object_id": "18", "emailed": false, "description": null, "level": "info", "deleted": false, "timestamp": "2016-06-28T12:01:49.642", "action_object_content_type": 18, "data": null, "actor_object_id": "5", "verb": "menambahkan materi", "target_object_id": "1", "actor_content_type": 11, "unread": true, "recipient": 2, "public": true, "target_content_type": 14}, "model": "notifications.notification", "pk": 68}, {"fields": {"action_object_object_id": "19", "emailed": false, "description": null, "level": "info", "deleted": false, "timestamp": "2016-06-28T12:03:34.066", "action_object_content_type": 18, "data": null, "actor_object_id": "5", "verb": "menambahkan materi", "target_object_id": "1", "actor_content_type": 11, "unread": true, "recipient": 2, "public": true, "target_content_type": 14}, "model": "notifications.notification", "pk": 70}, {"fields": {"action_object_object_id": "20", "emailed": false, "description": null, "level": "info", "deleted": false, "timestamp": "2016-06-28T12:10:49.732", "action_object_content_type": 18, "data": null, "actor_object_id": "5", "verb": "menambahkan materi", "target_object_id": "1", "actor_content_type": 11, "unread": true, "recipient": 2, "public": true, "target_content_type": 14}, "model": "notifications.notification", "pk": 72}, {"fields": {"action_object_object_id": "21", "emailed": false, "description": null, "level": "info", "deleted": false, "timestamp": "2016-06-28T12:13:41.842", "action_object_content_type": 18, "data": null, "actor_object_id": "5", "verb": "menambahkan materi", "target_object_id": "1", "actor_content_type": 11, "unread": true, "recipient": 2, "public": true, "target_content_type": 14}, "model": "notifications.notification", "pk": 74}, {"fields": {"action_object_object_id": "22", "emailed": false, "description": null, "level": "info", "deleted": false, "timestamp": "2016-06-28T12:17:23.746", "action_object_content_type": 18, "data": null, "actor_object_id": "5", "verb": "menambahkan materi", "target_object_id": "1", "actor_content_type": 11, "unread": true, "recipient": 2, "public": true, "target_content_type": 14}, "model": "notifications.notification", "pk": 76}, {"fields": {"action_object_object_id": null, "emailed": false, "description": null, "level": "info", "deleted": false, "timestamp": "2016-06-28T15:48:04.453", "action_object_content_type": null, "data": null, "actor_object_id": "3", "verb": "mengirim post", "target_object_id": "1", "actor_content_type": 11, "unread": true, "recipient": 2, "public": true, "target_content_type": 14}, "model": "notifications.notification", "pk": 79}, {"fields": {"action_object_object_id": "23", "emailed": false, "description": null, "level": "info", "deleted": false, "timestamp": "2016-06-28T15:50:53.745", "action_object_content_type": 18, "data": null, "actor_object_id": "5", "verb": "menambahkan materi", "target_object_id": "1", "actor_content_type": 11, "unread": true, "recipient": 2, "public": true, "target_content_type": 14}, "model": "notifications.notification", "pk": 81}, {"fields": {"action_object_object_id": "4", "emailed": false, "description": null, "level": "info", "deleted": false, "timestamp": "2016-06-28T15:53:01.686", "action_object_content_type": 20, "data": null, "actor_object_id": "5", "verb": "menambahkan tugas", "target_object_id": "1", "actor_content_type": 11, "unread": true, "recipient": 2, "public": true, "target_content_type": 14}, "model": "notifications.notification", "pk": 83}, {"fields": {"action_object_object_id": "6", "emailed": false, "description": null, "level": "info", "deleted": false, "timestamp": "2016-07-01T12:11:23.685", "action_object_content_type": 20, "data": null, "actor_object_id": "5", "verb": "menambahkan tugas", "target_object_id": "1", "actor_content_type": 11, "unread": true, "recipient": 2, "public": true, "target_content_type": 14}, "model": "notifications.notification", "pk": 87}, {"fields": {"action_object_object_id": "6", "emailed": false, "description": null, "level": "info", "deleted": false, "timestamp": "2016-07-01T12:11:23.725", "action_object_content_type": 20, "data": null, "actor_object_id": "5", "verb": "menambahkan tugas", "target_object_id": "1", "actor_content_type": 11, "unread": true, "recipient": 3, "public": true, "target_content_type": 14}, "model": "notifications.notification", "pk": 88}, {"fields": {"action_object_object_id": "18", "emailed": false, "description": null, "level": "info", "deleted": false, "timestamp": "2016-07-01T12:19:14.137", "action_object_content_type": 16, "data": null, "actor_object_id": "5", "verb": "mengomentari postingan", "target_object_id": "1", "actor_content_type": 11, "unread": true, "recipient": 3, "public": true, "target_content_type": 14}, "model": "notifications.notification", "pk": 90}, {"fields": {"action_object_object_id": null, "emailed": false, "description": null, "level": "info", "deleted": false, "timestamp": "2016-07-01T12:58:45.120", "action_object_content_type": null, "data": null, "actor_object_id": "3", "verb": "mengirim post", "target_object_id": "1", "actor_content_type": 11, "unread": true, "recipient": 2, "public": true, "target_content_type": 14}, "model": "notifications.notification", "pk": 91}, {"fields": {"action_object_object_id": null, "emailed": false, "description": null, "level": "info", "deleted": false, "timestamp": "2016-07-01T12:58:45.191", "action_object_content_type": null, "data": null, "actor_object_id": "3", "verb": "mengirim post", "target_object_id": "1", "actor_content_type": 11, "unread": false, "recipient": 5, "public": true, "target_content_type": 14}, "model": "notifications.notification", "pk": 92}, {"fields": {"action_object_object_id": "7", "emailed": false, "description": null, "level": "info", "deleted": false, "timestamp": "2016-07-01T13:22:06.420", "action_object_content_type": 20, "data": null, "actor_object_id": "5", "verb": "menambahkan tugas", "target_object_id": "4", "actor_content_type": 11, "unread": true, "recipient": 3, "public": true, "target_content_type": 14}, "model": "notifications.notification", "pk": 93}, {"fields": {"action_object_object_id": "8", "emailed": false, "description": null, "level": "info", "deleted": false, "timestamp": "2016-07-01T13:22:36.214", "action_object_content_type": 20, "data": null, "actor_object_id": "5", "verb": "menambahkan tugas", "target_object_id": "4", "actor_content_type": 11, "unread": true, "recipient": 3, "public": true, "target_content_type": 14}, "model": "notifications.notification", "pk": 94}, {"fields": {"action_object_object_id": "9", "emailed": false, "description": null, "level": "info", "deleted": false, "timestamp": "2016-07-01T13:23:18.288", "action_object_content_type": 20, "data": null, "actor_object_id": "5", "verb": "menambahkan tugas", "target_object_id": "4", "actor_content_type": 11, "unread": true, "recipient": 3, "public": true, "target_content_type": 14}, "model": "notifications.notification", "pk": 95}, {"fields": {"action_object_object_id": null, "emailed": false, "description": null, "level": "info", "deleted": false, "timestamp": "2016-07-01T16:37:34.910", "action_object_content_type": null, "data": null, "actor_object_id": "5", "verb": "mengirim post", "target_object_id": "1", "actor_content_type": 11, "unread": true, "recipient": 3, "public": true, "target_content_type": 14}, "model": "notifications.notification", "pk": 96}, {"fields": {"action_object_object_id": null, "emailed": false, "description": null, "level": "info", "deleted": false, "timestamp": "2016-07-01T16:37:34.997", "action_object_content_type": null, "data": null, "actor_object_id": "5", "verb": "mengirim post", "target_object_id": "1", "actor_content_type": 11, "unread": true, "recipient": 2, "public": true, "target_content_type": 14}, "model": "notifications.notification", "pk": 97}, {"fields": {"action_object_object_id": null, "emailed": false, "description": null, "level": "info", "deleted": false, "timestamp": "2016-07-01T16:37:47.110", "action_object_content_type": null, "data": null, "actor_object_id": "5", "verb": "mengirim post", "target_object_id": "1", "actor_content_type": 11, "unread": true, "recipient": 3, "public": true, "target_content_type": 14}, "model": "notifications.notification", "pk": 98}, {"fields": {"action_object_object_id": null, "emailed": false, "description": null, "level": "info", "deleted": false, "timestamp": "2016-07-01T16:37:47.163", "action_object_content_type": null, "data": null, "actor_object_id": "5", "verb": "mengirim post", "target_object_id": "1", "actor_content_type": 11, "unread": true, "recipient": 2, "public": true, "target_content_type": 14}, "model": "notifications.notification", "pk": 99}, {"fields": {"action_object_object_id": null, "emailed": false, "description": null, "level": "info", "deleted": false, "timestamp": "2016-07-23T20:46:13.867", "action_object_content_type": null, "data": null, "actor_object_id": "4", "verb": "meminta bergabung", "target_object_id": "1", "actor_content_type": 11, "unread": false, "recipient": 5, "public": true, "target_content_type": 14}, "model": "notifications.notification", "pk": 100}, {"fields": {"action_object_object_id": null, "emailed": false, "description": null, "level": "info", "deleted": false, "timestamp": "2016-07-23T20:46:48.900", "action_object_content_type": null, "data": null, "actor_object_id": "4", "verb": "mengirim post", "target_object_id": "1", "actor_content_type": 11, "unread": true, "recipient": 3, "public": true, "target_content_type": 14}, "model": "notifications.notification", "pk": 101}, {"fields": {"action_object_object_id": null, "emailed": false, "description": null, "level": "info", "deleted": false, "timestamp": "2016-07-23T20:46:49.096", "action_object_content_type": null, "data": null, "actor_object_id": "4", "verb": "mengirim post", "target_object_id": "1", "actor_content_type": 11, "unread": true, "recipient": 2, "public": true, "target_content_type": 14}, "model": "notifications.notification", "pk": 102}, {"fields": {"action_object_object_id": null, "emailed": false, "description": null, "level": "info", "deleted": false, "timestamp": "2016-07-23T20:46:49.210", "action_object_content_type": null, "data": null, "actor_object_id": "4", "verb": "mengirim post", "target_object_id": "1", "actor_content_type": 11, "unread": false, "recipient": 5, "public": true, "target_content_type": 14}, "model": "notifications.notification", "pk": 103}, {"fields": {"action_object_object_id": null, "emailed": false, "description": null, "level": "info", "deleted": false, "timestamp": "2016-07-28T13:56:19.574", "action_object_content_type": null, "data": null, "actor_object_id": "4", "verb": "meminta bergabung", "target_object_id": "2", "actor_content_type": 11, "unread": true, "recipient": 5, "public": true, "target_content_type": 14}, "model": "notifications.notification", "pk": 104}, {"fields": {"action_flag": 1, "action_time": "2016-06-16T14:39:20.288", "object_repr": "First Assignment 2016-06-17 19:00:00", "object_id": "1", "change_message": "", "user": 1, "content_type": 20}, "model": "admin.logentry", "pk": 1}, {"fields": {"action_flag": 1, "action_time": "2016-06-16T14:53:17.867", "object_repr": "Another Assignment 2016-06-30 17:00:00", "object_id": "2", "change_message": "", "user": 1, "content_type": 20}, "model": "admin.logentry", "pk": 2}, {"fields": {"action_flag": 1, "action_time": "2016-06-16T14:55:23.040", "object_repr": "Baiq Ela Nopita: First Assignment", "object_id": "1", "change_message": "", "user": 1, "content_type": 21}, "model": "admin.logentry", "pk": 3}, {"fields": {"action_flag": 1, "action_time": "2016-06-16T15:42:08.477", "object_repr": "New Lesson: 1", "object_id": "1", "change_message": "", "user": 1, "content_type": 18}, "model": "admin.logentry", "pk": 4}, {"fields": {"action_flag": 1, "action_time": "2016-06-16T16:04:49.791", "object_repr": "this is long text will be splitted to last 30 chars max, and with dots", "object_id": "2", "change_message": "", "user": 1, "content_type": 16}, "model": "admin.logentry", "pk": 5}, {"fields": {"action_flag": 1, "action_time": "2016-06-21T14:55:54.417", "object_repr": "ABJ Kelas A: Baiq Ela Nopita", "object_id": "1", "change_message": "", "user": 1, "content_type": 15}, "model": "admin.logentry", "pk": 6}, {"fields": {"action_flag": 2, "action_time": "2016-06-21T21:45:44.305", "object_repr": "dayat@gmail.com", "object_id": "2", "change_message": "Changed name.", "user": 1, "content_type": 11}, "model": "admin.logentry", "pk": 7}, {"fields": {"action_flag": 2, "action_time": "2016-06-21T21:45:57.300", "object_repr": "dayat@gmail.com", "object_id": "2", "change_message": "Changed name.", "user": 1, "content_type": 11}, "model": "admin.logentry", "pk": 8}, {"fields": {"action_flag": 1, "action_time": "2016-06-21T22:01:58.107", "object_repr": "fromadmin@gmail.com", "object_id": "20", "change_message": "", "user": 1, "content_type": 11}, "model": "admin.logentry", "pk": 9}, {"fields": {"action_flag": 3, "action_time": "2016-06-21T22:02:11.345", "object_repr": "fromadmin@gmail.com", "object_id": "20", "change_message": "", "user": 1, "content_type": 11}, "model": "admin.logentry", "pk": 10}, {"fields": {"action_flag": 3, "action_time": "2016-06-22T10:55:01.766", "object_repr": "Bahrul Hidayat: Another Assignment", "object_id": "2", "change_message": "", "user": 1, "content_type": 21}, "model": "admin.logentry", "pk": 11}, {"fields": {"action_flag": 3, "action_time": "2016-06-22T14:07:08.896", "object_repr": "Bahrul Hidayat: Another Assignment", "object_id": "3", "change_message": "", "user": 1, "content_type": 21}, "model": "admin.logentry", "pk": 12}, {"fields": {"action_flag": 2, "action_time": "2016-06-24T10:22:40.813", "object_repr": "dayat.py@gmail.com", "object_id": "2", "change_message": "Changed email.", "user": 1, "content_type": 11}, "model": "admin.logentry", "pk": 13}, {"fields": {"action_flag": 1, "action_time": "2016-06-25T00:45:09.672", "object_repr": "Another Lesson: 1", "object_id": "2", "change_message": "", "user": 1, "content_type": 18}, "model": "admin.logentry", "pk": 14}, {"fields": {"action_flag": 1, "action_time": "2016-06-25T00:45:20.965", "object_repr": "Third Lesson: 1", "object_id": "3", "change_message": "", "user": 1, "content_type": 18}, "model": "admin.logentry", "pk": 15}, {"fields": {"action_flag": 1, "action_time": "2016-06-25T00:45:47.964", "object_repr": "LessonFiles object", "object_id": "1", "change_message": "", "user": 1, "content_type": 19}, "model": "admin.logentry", "pk": 16}, {"fields": {"action_flag": 1, "action_time": "2016-06-25T00:46:04.643", "object_repr": "LessonFiles object", "object_id": "2", "change_message": "", "user": 1, "content_type": 19}, "model": "admin.logentry", "pk": 17}, {"fields": {"action_flag": 1, "action_time": "2016-06-25T00:46:19.857", "object_repr": "LessonFiles object", "object_id": "3", "change_message": "", "user": 1, "content_type": 19}, "model": "admin.logentry", "pk": 18}, {"fields": {"action_flag": 1, "action_time": "2016-06-25T00:46:20.136", "object_repr": "LessonFiles object", "object_id": "4", "change_message": "", "user": 1, "content_type": 19}, "model": "admin.logentry", "pk": 19}, {"fields": {"action_flag": 1, "action_time": "2016-06-25T00:46:31.569", "object_repr": "LessonFiles object", "object_id": "5", "change_message": "", "user": 1, "content_type": 19}, "model": "admin.logentry", "pk": 20}, {"fields": {"action_flag": 1, "action_time": "2016-06-25T00:46:41.957", "object_repr": "LessonFiles object", "object_id": "6", "change_message": "", "user": 1, "content_type": 19}, "model": "admin.logentry", "pk": 21}, {"fields": {"action_flag": 1, "action_time": "2016-06-25T00:46:51.810", "object_repr": "LessonFiles object", "object_id": "7", "change_message": "", "user": 1, "content_type": 19}, "model": "admin.logentry", "pk": 22}]